"","state","total_doses","doses_per_100k","doses_per_100k_over18","total_doses_admin_state","doses_per_100k_admin_state","total_doses_admin_over18","doses_per_100k_admin_over18","count_at_least_one_dose","percent_at_least_one_dose","count_at_least_one_dose_over18","percent_at_least_one_dose_over18","count_fully_vaxxed","percent_fully_vaxxed","count_fully_vaxxed_over18","percent_fully_vaxxed_over18","total_pfizer_available","total_moderna_available","total_janssen_available","total_janssen_used","total_moderna_used","total_pfizer_used","total_unknown_used","fully_vaxxed_moderna","fully_vaxxed_pfizer","fully_vaxxed_janssen","fully_vaxxed_unknown","fully_vaxxed_moderna_over18","fully_vaxed_pfizer_over18","fully_vaxxed_janssen_over18","fully_vaxxed_unknown_over18","percent_fully_vaxxed","count_fully_vaxxed_over18","percent_fully_vaxxed_over18","count_at_least_one_dose","count_at_least_one_dose_over65","percent_at_least_one_dose_over65","count_fully_vaxxed_over65","percent_fully_vaxxed_over65","fully_vaxxed_moderna_over65","fully_vaxxed_pfizer_over65","fully_vaxxed_janssen_over65","fully_vaxxed_unknown_over65","total_doses_admin_state_over65","doses_per_100k_admin_state_over65","doses_available_per_10k_over65","count_at_least_one_dose_over12","percent_at_least_one_dose_over12","count_fully_vaxxed_over12","percent_fully_vaxxed_over12","fully_vaxed_moderna_over12","fully_vaxxed_pfizer_ove12","fully_vaxxed_janssen_over12","fully_vaxxed_unknown_over12","total_doses_over12_used","doses_per_100k_over12_used","doses_per_100k_over12_available","count_at_least_one_dose_over5","percent_at_least_one_dose_over5","count_fully_vaxxed_over5","percent_fully_vaxed_over5","fully_vaxxed_moderna_over5","fully_vaxxed_pfizer_over5","fully_vaxxed_janssen_over5","fully_vaxxed_unknown_over5","total_doses_over5_used","doses_per_100k_over5_used","doses_per_100k_over5_available","count_booster","percent_booster","count_booster_over18","percent_booster_over18","count_booster_over50","percent_booster_over50","count_booster_over65","percent_booster_over65","count_booster_moderna","count_booster_pfizer","count_booster_janssen","count_booster_unknown"
"1","United States",655282365,38,35,531864871,31,485709896,31,250028635,33,225197962,30,209842610,31,190426497,31,384402845,240939020,29940500,18065529,202127731,311207242,464369,74219654,118939672,16550624,132660,74135975,99642752,16520640,127130,59.7,178729857,69.2,250028635,56365566,95,48292436,88.1,23037023,22862152,2333768,59493,134760664,245949,1195950,241757077,85.3,204296923,72.1,74214088,113405288,16545887,131660,517986011,182698,231124,249979712,80.1,209832377,67.2,74216511,118935585,16547661,132620,531807788,170307,209848,82450772,39.3,80724136,42.4,53148448,53.9,30194294,62.5,36367315,44802003,1263319,18135
"2","Alaska",1371105,29,28,1055678,20,957029,21,493476,22,440182,20,424625,23,383145,24,756545,531060,83500,41876,409873,603033,896,154319,231364,38833,109,153917,190443,38683,102,53.5,350100,63.5,493476,85994,93.9,77335,84.4,42570,31194,3528,43,209573,228821,1497040,474871,78,413119,67.8,154313,219870,38827,109,1025111,168361,225186,493392,72.5,424611,62.4,154315,231359,38828,109,1055579,155126,201495,160973,37.9,157540,41.1,98712,56.2,51841,67,73520,85264,2166,23
"3","Alabama",8736560,18,15,5831563,3,5478291,2,2963667,10,2758027,9,2397146,5,2254181,2,4626940,3716120,393500,167976,2545972,3117209,406,998781,1237431,160323,611,998293,1095049,160230,609,46.4,2131521,55.9,2963667,800563,94.2,683422,80.4,362629,283926,36472,395,1781173,209590,1028030,2914506,69.6,2374698,56.7,998764,1215010,160313,611,5757450,137512,208665,2963298,64.3,2397086,52,998777,1237383,160315,611,5831141,126521,189561,736300,30.7,728488,32.3,564804,42.6,357574,52.3,356683,366533,13029,55
"4","Arkansas",5459950,21,19,3951478,9,3625731,7,1948088,18,1763384,16,1578650,10,1443540,5,2981090,2229460,249400,118922,1697408,2131334,3814,648215,818864,110413,1158,647066,685776,109873,825,49.5,1359911,58.7,1948088,491834,93.9,413858,79,232456,165307,15632,463,1131496,215983,1042210,1892743,74,1547504,60.5,648199,788155,110287,863,3865174,151146,213509,1946518,68.8,1578474,55.8,648204,818818,110295,1157,3949843,139603,192976,550444,34.9,541600,37.5,393838,49.1,245944,59.4,271319,270177,8534,414
"5","American Samoa",85710,20,48,82614,42,61104,37,41994,51,30211,40,36601,53,27007,55,63610,21500,600,555,20424,61626,9,8961,27069,567,4,8942,17495,566,4,76.1,26487,84.5,41994,3006,91.7,2751,83.9,1155,1569,26,1,6575,200580,2614700,36666,95,32801,88.9,8960,23270,567,4,73426,198895,232169,41990,95,36601,84.9,8961,27069,567,4,82610,191626,198817,4643,12.7,4599,17,2512,25.6,944,34.3,1450,3193,0,0
"6","Arizona",13305320,23,20,10971347,28,10003356,26,5049537,26,4516432,21,4243285,24,3856851,22,7634600,5071620,599100,351664,4361763,6235696,22224,1587106,2327633,322443,6103,1586408,1942449,321990,6004,54.9,3607126,64,5049537,1269620,95,1101729,84.2,536897,511691,49867,3274,3162498,241664,1016730,4879914,78.6,4149498,66.9,1587061,2234150,322199,6088,10700181,172415,214392,5048766,73.7,4242994,62,1587089,2327594,322208,6103,10970423,160177,194269,1494929,35.2,1466684,38,1008488,48.7,611042,55.5,664721,809771,19753,684
"7","Bureau of Prisons",313910,62,60,287843,62,287841,61,137771,60,137769,41,129538,58,129537,60,161010,136800,16100,14135,125729,147947,32,50578,65503,13457,0,50578,65503,13456,0,0,118353,0,137771,3810,0,3603,0,1724,1684,195,0,9195,0,0,137769,0,129537,0,50578,65503,13456,0,287841,0,0,137769,0,129537,0,50578,65503,13456,0,287841,0,0,33241,25.7,33241,25.7,11303,39.5,1954,54.2,19332,13246,641,22
"8","California",81494185,42,41,69549938,43,62714427,44,33884060,47,30158272,40,26949777,40,24104536,42,48774265,29099820,3620100,2254008,26281040,40998487,16403,9387120,15473813,2084080,4764,9360790,12663239,2076113,4394,64.7,22709034,74.2,33884060,6593085,95,5142268,88.1,2595264,2341392,204179,1433,14821605,253877,1395900,32657908,95,26140637,77.7,9386280,14666174,2083479,4704,67511032,200649,242209,33876726,91.2,26948492,72.6,9386768,15473255,2083705,4764,69541655,187300,219492,10735572,39.8,10454964,43.4,6115733,54.4,3191886,62.1,4779473,5781704,173942,453
"9","Colorado",11338585,37,33,9899278,40,8996499,40,4421492,36,3946234,32,3900142,38,3505504,40,6663485,4193300,481800,329577,3865482,5695949,8270,1403427,2189073,305324,2318,1402833,1795445,304987,2239,64.3,3311058,73.6,4421492,847396,95,770818,91.5,367608,373930,28469,811,2181459,258954,1345970,4247965,86.1,3773391,76.4,1403370,2062410,305299,2312,9597713,194441,229709,4420507,81.5,3900077,71.9,1403413,2189041,305305,2318,9898250,182405,208947,1786515,45.8,1749048,49.9,1027352,63.4,550291,71.4,815917,947266,23074,258
"10","Connecticut",7896715,50,49,6996233,57,6330725,54,3269903,55,2918455,40,2710857,50,2430059,51,4552575,3008840,335300,241578,2669191,4084251,1213,925565,1558386,226466,440,925045,1278400,226281,333,71.8,2278120,80.3,3269903,723266,95,597889,94.9,235198,340203,22388,100,1739028,275929,1252960,3149468,95,2625846,84.5,925246,1473778,226385,437,6789280,218590,254245,3268547,95,2710414,80.1,925357,1558231,226387,439,6994458,206718,233384,1221045,45,1192087,49.1,790588,61.4,421079,70.4,579159,627147,14722,17
"11","District of Columbia",1693185,59,56,1347167,51,1267074,52,649644,56,597884,40,489687,42,455641,43,1024325,599860,69000,34978,490493,821182,514,170112,280985,38224,366,170038,247075,38184,344,65.5,428199,74.1,649644,97086,95,78522,89.9,41724,33909,2800,89,241601,276612,1938550,627961,95,477443,78.3,170104,268774,38203,362,1319506,216400,277683,649528,95,489663,74.1,170106,280970,38221,366,1347021,203976,256395,152950,31.2,149558,32.8,74137,42.7,40322,51.4,65258,86519,1155,18
"12","Dept of Defense",6360310,62,60,7021250,62,6602028,61,3936733,60,3700022,41,2912376,58,2739186,60,4042070,2108240,210000,311787,2343507,4343849,22107,907287,1726636,278197,256,907086,1553866,277983,251,0,2462007,0,3936733,338839,0,173636,0,60094,104280,9262,0,554284,0,0,3895307,0,2889174,0,907262,1703487,278169,256,6956505,0,0,3936562,0,2912312,0,907268,1726611,278177,256,7021027,0,0,1331,0,1327,0,170,0,34,0,463,858,10,0
"13","Delaware",2096235,47,47,1650688,38,1517804,38,773108,38,704085,35,639346,35,585591,36,1194155,808480,93600,59671,640065,949024,1928,227125,355934,55668,619,226989,302384,55608,610,61.8,548140,71.2,773108,206838,95,176556,93.5,72803,93530,9898,325,499002,264154,1109670,750983,89.4,625054,74.4,227112,341667,55657,618,1613359,192111,249609,772958,84.1,639317,69.6,227114,355920,55664,619,1650513,179590,228088,251224,39.3,247041,42.2,182694,53.7,111240,63,110437,136429,4340,18
"14","Florida",43526885,39,34,34854962,32,32539012,32,16441725,35,15180336,33,13866645,32,12899606,33,25383925,15833760,2309200,1420129,12964231,20347392,123210,4770757,7736775,1323321,35792,4768749,6773857,1321650,35350,59.8,11881485,68.9,16441725,4705212,95,4024633,89.5,1937210,1854538,212378,20507,11419118,253908,967837,16102393,86.1,13656265,73,4769975,7528090,1322483,35717,34291707,183417,232814,16433762,80.8,13864981,68.2,4770038,7736635,1322521,35787,34846057,171335,214018,4938723,35.6,4873528,37.8,3671490,49,2296402,57.1,2165964,2677866,90384,4509
"15","Federated States of Micronesia",115200,1,3,87228,61,82906,1,50786,2,47571,6,43400,3,42316,11,20060,82740,12400,12823,69863,4528,14,30134,1280,11978,8,30129,224,11955,8,32.3,31970,47.9,50786,3696,76.8,3433,71.3,2338,16,1078,1,6574,136617,2394020,49731,62.8,43386,54.8,30133,1275,11970,8,86120,108817,145561,50778,54.7,43396,46.8,30134,1280,11974,8,87220,93966,124110,4655,10.7,4652,11,1783,14.1,489,14.2,4298,24,333,0
"16","Georgia",19598835,26,22,13841416,8,12763294,8,6713072,13,6101612,14,5563349,11,5126182,9,11258275,7534560,806000,326507,5455751,8022987,36171,2099146,3142830,310692,10681,2098159,2708215,310223,9585,50.2,4890978,60.3,6713072,1422533,93.8,1237341,81.6,674696,525491,34828,2326,3355596,221206,1291990,6544648,72.8,5470202,60.9,2099072,3049937,310571,10622,13572125,151001,218053,6711468,67.4,5563110,55.8,2099100,3142725,310608,10677,13839610,138940,196759,1794783,32.3,1766098,34.5,1177975,44.2,641818,51.9,816172,956003,21495,1113
"17","Guam",291260,13,36,304807,46,268510,59,143498,45,123512,40,129152,51,113514,59,189180,79580,22500,12005,97866,194865,71,38640,80178,10321,13,38624,64565,10312,13,71.1,104164,90.9,143498,17118,95,16082,95,6598,8900,578,6,42943,267374,1813460,138508,95,126650,95,38639,77678,10320,13,297201,226325,221801,143478,93.9,129151,84.5,38639,80178,10321,13,304786,199518,190664,39437,30.5,38903,34.3,23528,52.5,9984,62.1,15231,23441,765,0
"18","Hawaii",3141920,51,53,2660175,50,2408595,50,1192831,44,1060090,40,1067458,48,957197,52,1864260,1153860,123800,67230,972517,1620152,276,357176,646813,63453,16,356308,537626,63247,16,72.3,912944,81.8,1192831,265711,95,243447,90.7,106688,125157,11597,5,676967,252178,1170400,1144355,94.5,1033633,85.3,357122,613071,63424,16,2579095,212953,259425,1191751,89.6,1067284,80.2,357128,646714,63426,16,2659617,199873,236119,463038,43.4,451609,47.2,304707,62.9,176234,72.4,208749,249469,4819,1
"19","Iowa",5980635,32,26,4783551,29,4399064,28,2090859,21,1892392,19,1892560,27,1724316,28,3433495,2264640,282500,173660,1912661,2696778,452,701409,1030878,159981,292,701193,862946,159888,289,56.5,1613446,66.4,2090859,544505,95,507156,91.7,266492,226090,14450,124,1432719,259103,1081580,2022251,75.6,1839965,68.8,701395,978302,159977,291,4661407,174175,223468,2090750,70.6,1892551,63.9,701405,1030875,159979,292,4783446,161634,202087,922823,48.8,906873,52.6,635842,65.9,384184,75.8,428567,481856,12383,17
"20","Idaho",3066170,12,15,2108977,2,2106955,9,965188,4,960610,8,850304,4,847198,10,1728110,1185660,152400,82992,866170,1156732,3083,322116,449026,78432,730,322089,445978,78410,721,44.2,786320,58.7,965188,272442,93.7,247751,85.2,113889,121497,12062,303,673253,231621,1054860,0,0,0,0,0,0,0,0,0,0,0,0,0,0,0,0,0,0,0,0,0,0,354788,41.7,354720,41.9,251939,54.7,157037,63.4,156008,193570,5137,73
"21","Indian Health Svc",2666435,2,60,2087166,1,1862401,61,1049621,3,924207,41,832488,2,738405,60,1362015,1201820,102600,38595,990459,1057944,168,383388,412055,37039,6,383057,318368,36974,6,38.4,705566,0,1049621,174186,0,137209,0,77316,56482,3410,1,376842,0,0,1012114,0,809587,0,383305,389260,37016,6,2026675,0,0,1049291,0,832341,0,383317,412001,37017,6,2086661,0,0,220158,26.4,215275,29.2,135095,37.9,62623,45.6,107889,110738,1413,118
"22","Illinois",24734555,36,31,20863825,34,18821011,33,9474104,32,8388905,28,8310950,34,7427638,35,15004135,8582620,1147800,664129,7494635,12677703,27358,2751241,4933950,617184,8575,2743453,4061259,614557,8369,62.4,7022143,71.3,9474104,1960038,95,1779140,87.1,792212,899486,83762,3680,4947348,242133,1210560,9062412,83.6,8020213,74,2751126,4643388,617125,8574,20157223,185990,228225,9472793,79.4,8310740,69.7,2751143,4933894,617128,8575,20862373,174948,207420,3724378,44.8,3639746,49,2315810,61.7,1284485,72.2,1569948,2106703,46589,1138
"23","Indiana",11811700,15,13,8885173,10,8211589,10,3999568,8,3634856,4,3559019,12,3283457,12,7121500,4111200,579000,297709,3235094,5324183,28187,1227558,2047246,276218,7997,1227208,1772470,275920,7859,49.9,3084965,59.7,3999568,995538,91.7,932348,85.9,456253,441564,30728,3803,2564977,236242,1087890,3880694,68,3491749,61.2,1227530,1980060,276192,7967,8700712,152509,207040,3999295,63.3,3558971,56.4,1227549,2047223,276202,7997,8884858,140719,187075,1457827,41,1426050,43.4,998921,54.3,597388,64.1,577920,859931,19227,749
"24","Kansas",5448955,28,25,4254401,22,3868091,24,2092319,28,1881875,27,1705942,26,1543836,25,3123995,2072460,252500,131362,1628736,2490725,3578,615515,967190,122585,652,615126,805695,122455,560,55.4,1453337,65.7,2092319,520386,95,421588,88.7,200512,202435,18379,262,1172051,246495,1145970,2022242,82.5,1660503,67.7,615487,921809,122565,642,4139382,168837,222252,2092179,76.7,1705922,62.5,615507,967183,122580,652,4254246,155948,199743,650768,38.1,635527,41.2,432331,52.8,259954,61.7,285571,355675,9360,162
"25","Kentucky",7931695,16,14,6114443,15,5662251,14,2867400,17,2623305,15,2470310,18,2274972,17,4324635,3230960,376100,228423,2526745,3357069,2206,953399,1309047,206231,1633,953030,1114313,206080,1549,51.9,2124939,61.3,2867400,717731,95,636881,84.9,290937,306659,38495,790,1719990,229160,1056770,2790112,73.3,2417274,63.5,953286,1256163,206198,1627,5983027,157193,208391,2866989,68.3,2470262,58.9,953389,1309033,206208,1632,6113314,145726,189072,985575,39.9,970032,42.6,691217,54.3,408296,64.1,449273,515285,20885,132
"26","Louisiana",7446950,5,5,5857055,6,5482133,5,2746939,7,2532408,5,2388043,8,2233675,7,4179230,2949520,318200,190623,2410947,3252549,2936,939353,1273317,174327,1046,938824,1119688,174133,1030,48.5,2100539,59,2746939,671319,90.6,631687,85.2,300432,308792,22254,209,1683182,227143,1004960,2695419,68.7,2363888,60.3,939322,1249225,174299,1042,5782131,147379,189813,2746712,63.2,2387975,54.9,939339,1273283,174307,1046,5856761,134721,171300,841508,35.2,832105,37.3,619196,49.4,377163,59.7,372392,457536,11522,58
"27","Massachusetts",15443690,52,50,13673242,58,12370554,55,6458220,58,5763517,40,5229611,49,4675077,49,9011790,5828000,603900,393182,5401986,7877648,426,1854835,2999232,375359,185,1849478,2451327,374106,166,72.5,4443011,80.2,6458220,1372531,95,1089734,93.2,492875,523007,73784,68,3115035,266394,1320730,6187623,95,5030195,83.6,1854799,2799882,375330,184,13203071,219439,256678,6457607,95,5229582,80,1854826,2999217,375354,185,13672668,209218,236318,2374590,45.4,2314480,49.5,1390454,59.3,728089,66.8,1151188,1199885,23508,9
"28","Maryland",14130740,58,58,10974567,47,9850818,46,5008792,42,4426743,39,4352618,46,3874965,46,8675920,4858920,595900,352988,4015900,6590388,15291,1473774,2555516,319411,3917,1473185,2079062,319056,3662,68.9,3690343,78.3,5008792,986404,95,889856,92.8,425524,408598,54647,1087,2462879,256711,1472880,4799198,93,4200757,81.4,1473699,2403923,319257,3878,10611567,205536,273698,5008162,88.1,4352505,76.6,1473741,2555476,319373,3915,10973832,193074,248617,1917794,44.1,1857227,47.9,1177910,60.5,625003,70.2,830023,1055836,31518,417
"29","Maine",3059650,56,51,2623366,55,2408815,53,1182788,50,1075107,40,1036524,52,942663,54,1712530,1195920,151200,141026,1073427,1405803,3110,374853,530818,130169,684,374775,437171,130090,627,70.9,858688,78.4,1182788,321616,95,279289,95,127162,127357,24526,244,788067,276258,1072560,1140841,95,1002026,84.6,374834,496363,130147,682,2546752,214927,258212,1182658,92.3,1036491,80.9,374846,530811,130150,684,2623223,204831,238909,522595,50.4,510674,54.2,356256,65.1,204813,73.3,245302,266737,9994,562
"30","Marshall Islands",68980,61,1,49506,60,45784,60,26552,1,24491,1,23203,1,21698,1,9180,47700,12100,2607,43076,3821,2,19048,1564,2590,1,19012,104,2581,1,26.5,19142,40.3,26552,1397,37.4,1236,33.1,1121,1,114,0,2733,73232,1848340,26290,45.8,23144,40.3,19040,1516,2587,1,49181,85727,120239,26540,38.4,23196,33.5,19043,1563,2589,1,49488,71517,99685,2011,8.7,2008,9.3,776,15,207,16.7,1990,13,8,0
"31","Michigan",19001810,33,23,14524082,21,13401724,20,6468544,19,5885934,12,5771005,21,5283371,20,10668190,7416020,917600,452523,5688736,8380796,2027,2110425,3246921,412620,1039,2109658,2760457,412303,953,55.1,5013092,63.9,6468544,1679014,95,1531086,86.7,765059,694917,70529,581,4211413,238553,1076350,6261299,72.8,5617144,65.4,2110364,3093155,412591,1034,14164011,164794,221080,6468145,68.7,5770950,61.3,2110404,3246902,412606,1038,14523649,154172,201709,2700056,46.8,2650282,50.2,1850002,61.2,1084273,70.8,1188486,1468376,43115,79
"32","Minnesota",11446090,40,40,9527970,36,8596592,39,4114112,30,3639768,26,3755686,36,3344367,38,6933230,4018060,494800,350021,3492091,5682436,3422,1275111,2155825,323574,1176,1272826,1747361,323050,1130,63.6,3176268,73.2,4114112,934128,95,874222,95,368045,455512,50359,306,2457824,267044,1243620,3920673,82.1,3606093,75.5,1275076,2006297,323556,1164,9186305,192259,239554,4113474,77.8,3755630,71,1275103,2155792,323559,1176,9527292,180168,216454,1952529,52,1906908,57,1221102,69.5,688058,78.7,798602,1126729,26931,267
"33","Missouri",10510835,11,10,8377068,13,7736999,12,3932413,16,3586012,14,3314873,14,3043309,13,6200835,3893900,416100,243125,3042955,5088678,2310,1137739,1944085,232418,631,1137259,1673431,232156,463,51.3,2877972,60.4,3932413,1005514,94.7,879050,82.8,400589,438543,39754,164,2426213,228449,989686,3818333,72.9,3238661,61.9,1137724,1867930,232389,618,8186437,156358,200753,3932088,68.2,3314836,57.5,1137727,1944076,232402,631,8376726,145194,182184,1253539,37.8,1231543,40.5,874597,51.4,538984,61.3,518132,719929,15428,50
"34","Northern Mariana Islands",119530,57,59,100951,54,82803,57,44234,46,34860,40,41675,57,33295,58,91410,24720,3400,1249,13992,85710,0,5105,35458,1112,0,5104,27079,1112,0,78.7,32414,89.9,44234,3155,84,3059,81.5,493,2451,115,0,8131,216596,3184070,40127,94.9,38278,90.5,5105,32061,1112,0,93444,220960,282644,44231,92,41675,86.6,5105,35458,1112,0,100948,209862,248493,16180,38.8,15780,47.4,8080,60.7,2039,66.7,3395,12645,140,0
"35","Mississippi",4983715,7,9,3632687,4,3386457,4,1716617,6,1577507,3,1478363,7,1373943,4,2784355,1980260,219100,89021,1471893,2069350,2423,571379,822956,83185,843,571033,719005,83089,816,47.6,1311431,57.6,1716617,440767,90.6,403100,82.8,204684,180456,17561,399,1076947,221279,1024000,1684379,66.8,1460692,57.9,571364,805315,83170,843,3582357,142077,197655,1716469,61.5,1478334,52.9,571371,822946,83174,843,3632523,130073,178457,491508,33.2,486306,35.4,378230,47.4,231161,57.3,232331,251688,7112,377
"36","Montana",1812155,9,7,1489537,16,1381555,15,677531,14,619252,11,587537,17,541263,14,966095,742360,103700,58829,629901,798918,1889,232291,301253,53551,442,232158,255189,53483,433,51.3,501795,59.7,677531,194259,94.1,174852,84.7,84008,80669,9964,211,482861,233902,877825,657327,71.6,573588,62.5,232269,287333,53544,442,1455344,158604,197489,677418,67.2,587510,58.3,232275,301247,53546,442,1489388,147812,179845,254919,43.4,251646,46.5,181055,57.7,115533,66.1,120964,129113,4538,304
"37","North Carolina",19850000,30,24,15529382,27,14240112,22,8394298,39,7670351,37,6079388,23,5552075,21,11541940,7401260,906800,499659,5810558,9218251,914,2125028,3481675,472545,140,2121946,2958890,471102,137,54.2,5158812,63,8394298,2130023,95,1491562,85.2,716874,720744,53880,64,4175066,238426,1133580,8156240,90.8,5928071,66,2124923,3330489,472519,140,15131927,168403,220911,8393203,85,6079096,61.5,2124985,3481443,472528,140,15528027,157193,200945,1401317,23.1,1372986,24.7,948652,31.8,549820,36.9,617682,758653,24968,14
"38","North Dakota",1253360,6,6,1042680,14,962977,16,484965,15,443669,17,409283,13,376380,15,717180,484080,52100,38899,393012,610453,316,143079,230216,35983,5,142870,197672,35833,5,50.3,350546,60.2,484965,120110,95,101783,84.9,47900,49526,4356,1,288827,241000,1045820,469903,73.7,398585,62.5,143073,219530,35977,5,1014244,159161,196684,484869,68.5,409271,57.8,143075,230212,35979,5,1042570,147264,177038,159242,38.9,157863,41.9,109848,55.9,67694,66.5,70815,86060,2364,3
"39","Nebraska",3592150,27,27,2972050,30,2700211,30,1319231,23,1177484,23,1182604,29,1064375,29,2185790,1257860,148500,90812,1078922,1796559,5757,407268,687372,86478,1486,407074,569493,86393,1415,58.3,1010127,69.3,1319231,305413,95,283597,90.8,137912,137898,6897,890,804640,257519,1149640,1269844,78.5,1146531,70.9,407233,651365,86456,1477,2886132,178442,222093,1318975,73.1,1182548,65.6,407248,687351,86463,1486,2971731,164773,199174,534362,45.2,521666,49,344043,62.2,203043,71.6,211316,317453,5298,295
"40","New Hampshire",3094630,55,52,2520057,49,2314528,47,1411418,59,1303922,40,929560,41,854353,39,1824290,1100040,170300,111798,945350,1462828,81,337759,508901,82808,92,337495,434022,82750,86,63.2,784133,71,1411418,408674,95,235818,92.9,97552,120991,17235,40,684849,269770,1219010,1375360,95,908411,75.8,337652,487886,82781,92,2462902,205487,258194,1410481,95,929340,71.7,337654,508812,82782,92,2518862,194343,238767,169502,18.2,165495,19.4,106625,21.7,52557,22.3,79560,85975,3957,10
"41","New Jersey",19912775,53,55,15719685,44,14248010,45,7676638,48,6879936,40,6389434,45,5753516,47,11871975,7117100,923700,546581,6003299,9168482,1323,2241603,3646547,500708,576,2240867,3011743,500360,546,68,5405841,77.9,7676638,1580140,95,1333237,90.4,620567,620427,92065,178,3596729,243758,1349530,7408690,95,6205437,81.5,2241534,3462713,500619,571,15274214,200492,261378,7675624,91.7,6389316,76.4,2241571,3646519,500651,575,15718651,187854,237978,2554813,40,2493245,43.3,1582495,54,831035,62.3,1131539,1370219,53022,33
"42","New Mexico",4035545,35,29,3590429,39,3255616,41,1750921,43,1556733,40,1422079,39,1273741,41,2270105,1580040,185400,113979,1468372,2000428,7650,545322,767971,106742,2044,544899,620245,106584,2013,64.3,1200400,74.1,1750921,414606,95,346576,91.8,162461,161995,21094,1026,943650,249903,1068720,1685635,94.3,1380448,77.2,545281,726399,106724,2044,3489468,195223,225773,1750724,88.6,1422029,72,545306,767946,106733,2044,3590212,181705,204244,623747,43.9,608400,47.8,396784,58.4,225290,65,265085,349394,9167,101
"43","Nevada",5375790,14,12,4517072,25,4168446,23,2224746,29,2028343,27,1784465,22,1644245,23,3278010,1842980,254800,180446,1568953,2767162,511,589171,1026156,169081,57,589066,886091,169033,55,53.6,1511187,63.3,2224746,492558,95,406961,82.1,187490,193586,25854,31,1124890,226805,1083890,2173011,82.9,1754035,66.9,589166,995735,169077,57,4433692,169109,205042,2224683,76.9,1784452,61.6,589166,1026151,169078,57,4516997,156050,185719,607137,34,597277,36.3,407966,48.9,237371,58.3,252915,343658,10564,0
"44","New York State",41855765,46,46,36034355,48,32990429,48,16870302,49,15248028,40,14276689,47,12964903,48,25370665,14659200,1825900,1378467,13155844,21483008,17036,4852514,8194724,1224844,4607,4849836,6887116,1223812,4139,68.9,12086951,78.4,16870302,3412919,95,2941585,89.2,1388552,1366030,185331,1672,8145048,247108,1269840,16306409,95,13884256,82.8,4851906,7803225,1224651,4474,35078959,209137,249539,16868464,92,14276278,77.9,4852396,8194558,1224735,4589,36032012,196611,228389,5522564,38.7,5407935,41.7,3423965,53.8,1848325,62.8,2433688,2994682,93893,301
"45","Ohio",21005615,19,16,16673418,18,15410982,18,7237829,12,6588167,9,6582685,20,6038124,19,12205435,7841380,958800,607131,6382095,9664928,19264,2337957,3699205,540451,5072,2337349,3155616,540203,4956,53.3,5689024,62.4,7237829,1878897,91.8,1770222,86.5,799557,877467,90726,2472,4900291,239468,1026510,7010011,70.1,6411818,64.1,2337939,3528373,540438,5068,16270071,162689,210041,7237566,65.8,6582654,59.9,2337950,3699188,540444,5072,16673140,151598,190990,3132386,47.6,3072542,50.9,2128507,61.7,1252241,70.7,1352809,1725365,53707,505
"46","Oklahoma",6650810,8,11,5523657,17,5107906,19,2711583,24,2482264,25,2163793,16,1987970,18,3608650,2721260,320900,147257,2243355,3131813,1232,827566,1196428,139585,214,827284,1021009,139492,185,51.9,1877414,62.5,2711583,668250,95,539595,85,273668,245389,20489,49,1513534,238302,1047150,2648635,79.7,2123661,63.9,827544,1156337,139567,213,5420140,163001,200011,2711332,73.3,2163744,58.5,827548,1196412,139570,214,5523368,149222,179682,732355,33.8,721517,36.3,517728,48.7,318686,59.1,339199,383080,10045,31
"47","Oregon",9088145,48,45,7126698,37,6514092,36,3184206,34,2867662,29,2844720,37,2581684,37,5212425,3419820,455900,266228,2669319,4177925,13226,982843,1615157,242228,4492,979941,1356058,241397,4288,63.5,2415675,72.1,3184206,745126,95,686251,89.6,309963,322887,52171,1230,1872626,244443,1186320,3068134,84.1,2761196,75.7,982839,1531647,242225,4485,6925271,189849,249143,3183973,79.8,2844712,71.3,982842,1615151,242227,4492,7126462,178611,227777,1294457,45.5,1264698,49,801237,61.3,484613,70.6,562634,711305,20130,388
"48","Pennsylvania",27305655,45,44,21221427,35,19525488,35,10382985,40,9475072,36,8344473,33,7640547,34,15503995,10313460,1488200,746925,8253230,12219921,1351,3031004,4611882,700962,625,3028743,3910796,700430,578,61,7106365,69.9,10382985,2653545,95,2190460,91.5,1030210,1071331,88639,280,6070691,253647,1140890,10064471,90.8,8121778,73.3,3030812,4389462,700880,624,20671303,186538,246407,10381243,85.8,8343983,68.9,3030887,4611561,700910,625,21219241,175307,225591,3195026,38.3,3127361,40.9,2202428,51.3,1307959,59.7,1419747,1722374,52856,49
"49","Puerto Rico",6912870,49,39,6237152,56,5609192,49,2919477,53,2578740,40,2507498,55,2236328,50,4241330,2458940,212600,147743,2442109,3646742,558,933775,1435487,138124,112,933344,1164965,137948,71,75.6,2143721,81.8,2919477,688320,95,590646,86.9,292949,274230,23451,16,1578148,232198,1017110,2794271,95,2424846,85.1,933705,1352959,138072,110,6027940,211633,242702,2918657,94.9,2507298,81.5,933720,1435386,138080,112,6236169,202722,224720,898541,35.8,884526,39.6,569074,49,309981,52.5,381773,508493,8266,9
"50","Rhode Island",2409965,54,54,2051079,53,1873383,51,989542,57,887053,40,827347,54,743596,56,1414825,908040,87100,63529,785851,1200260,1439,281983,485603,59409,352,281867,401997,59382,350,74.9,709964,83,989542,213268,95,184175,95,82619,94698,6732,126,518867,277401,1288430,950856,95,798602,86.1,281974,456869,59408,351,1993448,214929,259837,989453,95,827338,82.3,281979,485600,59408,351,2050986,204111,239836,393877,47.6,384402,51.7,249895,64.4,135537,73.6,174364,214978,4511,24
"51","Republic of Palau",39490,25,21,41302,52,37106,56,19279,52,16975,40,16983,56,15082,57,8490,27200,3800,2339,32611,6328,24,12233,2394,2344,12,12233,493,2344,12,71.4,13467,81.2,19279,1804,90.6,1745,87.6,1496,22,227,0,4445,223143,1982430,18427,95,16381,87.9,12233,1792,2344,12,39851,213736,211799,19278,94.6,16982,83.4,12233,2393,2344,12,41300,202719,193835,7688,45.3,7688,51,3456,59.9,1183,67.8,7676,12,0,0
"52","South Carolina",9431445,24,18,6997241,12,6520249,11,3357519,20,3089765,18,2806285,15,2601266,14,5146625,3837320,447500,222399,2746490,4026276,2076,1018500,1584904,202527,354,1016412,1382573,201929,352,51.6,2454256,60.8,3357519,942018,95,803500,85.8,343863,428417,31015,205,2194644,234215,1006530,3278290,74.2,2757515,62.4,1018372,1536306,202483,354,6871907,155474,213382,3356261,69.1,2805747,57.8,1018425,1584483,202485,354,6995418,144050,194213,1003152,35.7,988505,38,745045,49.1,470572,58.6,431689,551057,19938,468
"53","South Dakota",1675775,31,32,1308784,26,1195616,27,647720,31,584408,31,516850,25,470295,27,916895,671380,87500,39590,515138,753923,133,191771,287202,37843,34,191702,240746,37813,34,55.1,440799,66,647720,172124,95,139802,92.1,69575,65272,4934,21,381568,251245,1103420,626037,84.8,502126,68,191769,272485,37838,34,1272044,172340,227039,647676,78.6,516841,62.8,191769,287199,37839,34,1308737,158925,203496,194395,37.6,191478,40.7,138249,52.5,85295,61,89079,102971,2337,8
"54","Tennessee",11628430,10,8,9231760,11,8645296,13,4115842,9,3801439,7,3578227,11,3330022,6,6770850,4359880,497700,252982,3542715,5387684,48379,1283955,2054653,228852,10767,1283366,1807461,228564,10631,50,3166470,59.5,4115842,1042030,91.1,950989,83.2,472301,437565,35433,5690,2716870,237615,1017010,4025037,69,3516247,60.3,1283911,1992807,228802,10727,9077095,155548,199268,4115218,64.1,3578099,55.7,1283938,2054582,228814,10765,9230995,143772,181112,1402796,39.2,1384001,41.6,992303,53.2,602341,63.3,598583,782500,19152,2561
"55","Texas",55763515,34,38,42413592,23,37995977,25,20007414,25,17607104,24,16892429,24,15135457,26,33268795,19920720,2574000,1478709,15808503,25122513,3867,5936014,9652695,1302982,738,5931457,7902012,1301297,691,54.8,14148676,65.5,20007414,3577004,95,3173921,85,1511582,1486502,175559,278,8735656,233935,1493310,19284365,80,16476650,68.4,5935306,9238052,1302575,717,41221895,171037,231373,20002511,74.1,16891183,62.5,5935503,9652220,1302722,738,42407504,157036,206493,5549015,32.8,5427133,35.9,3422254,48.5,1827627,57.6,2483121,2979599,86135,160
"56","Utah",5699880,17,30,4699321,24,4137182,29,2213182,25,1907629,26,1928698,28,1686515,32,3502120,1961960,235800,173605,1669929,2855487,300,640468,1125237,162981,12,640013,883708,162782,12,56.5,1570731,69,2213182,370591,95,332518,90.9,142731,173233,16552,2,920474,251584,1557890,2110037,81.4,1861665,71.8,640409,1058305,162939,12,4528274,174685,219881,2212728,74.8,1928602,65.2,640446,1125192,162952,12,4698785,158842,192684,669152,34.7,657845,39,384740,55,216298,65,267859,392155,9136,2
"57","Virginia",17895875,43,42,15112989,45,13613250,43,7048293,41,6260034,38,5989310,44,5337760,44,10894775,6236800,764300,483233,5416257,9205244,8255,1967114,3573686,445372,3138,1961375,2930542,443043,2800,66.8,5051549,75.7,7048293,1432031,95,1232631,90.7,573093,586220,72394,924,3471185,255440,1316930,6759598,92.5,5776139,79,1966887,3361719,444508,3025,14602497,199843,244915,7046502,87.8,5988854,74.6,1966978,3573463,445277,3136,15110814,188179,222862,2497774,41.7,2430224,45.5,1542170,58.2,848415,68.8,1071759,1386230,39382,403
"58","Veterans Health",7689420,62,60,7087205,62,7083812,61,3371316,60,3369367,41,2919294,58,2917860,60,3322140,3742480,624800,251469,3648956,3186497,283,1431431,1256102,231749,12,1431370,1254770,231708,12,0,2728147,0,3371316,1654568,0,1489825,0,813934,599654,76236,1,3754300,0,0,3371197,0,2919220,0,1431409,1256057,231742,12,7087013,0,0,3371212,0,2919224,0,1431409,1256060,231743,12,7087032,0,0,1016376,34.8,1016335,34.8,931266,40.5,680373,45.7,534321,463283,18772,0
"59","Virgin Islands",140260,3,2,135323,7,127484,6,65526,11,61179,13,54776,9,51436,8,100920,36740,2600,2182,40488,92653,0,15362,37423,1986,5,15334,34118,1979,5,49.9,49661,60.9,65526,17651,86.2,15034,73.4,5957,8527,546,4,38319,187123,684930,64512,72.1,54178,60.6,15354,36836,1983,5,133732,149547,156847,65465,65.7,54751,55,15355,37408,1983,5,135237,135747,140789,14307,26.1,14141,27.5,10953,35.2,6303,41.9,4972,9203,130,2
"60","Vermont",1510880,60,57,1307285,59,1179484,58,570890,54,507898,40,492527,56,438501,53,854480,586200,70200,52048,512315,742042,880,175016,270475,46771,265,174950,216611,46692,248,74.8,412967,81,570890,141226,95,125217,95,60459,61986,2617,155,370219,296083,1208330,543965,95,470497,85.4,174999,248479,46754,265,1257875,228310,274232,570722,95,492516,82.8,175015,270470,46766,265,1307127,219705,253952,272329,55.3,261645,59.7,171414,69.4,96139,76.8,118650,149521,4142,16
"61","Washington",15970165,44,43,13162663,41,11969942,42,5944006,37,5327110,34,5295058,43,4775108,45,9490545,5746720,732900,468146,4960060,7724567,9890,1853118,2996671,441942,3327,1852311,2477969,441589,3239,65.5,4469805,75.1,5944006,1220257,95,1114783,92.2,507760,547227,58209,1587,3096272,255949,1320150,5721045,88,5129668,78.9,1853037,2831410,441904,3317,12774047,196496,245660,5943177,83,5294930,74,1853094,2996594,441916,3326,13161697,183863,223096,2349797,44.4,2293783,48,1404767,61.5,792964,71.1,1048150,1270021,31025,601
"62","Wisconsin",10585675,22,17,9512543,33,8737777,34,4065676,27,3667542,22,3672612,30,3338097,30,6212235,3923740,449700,328255,3671970,5510310,2008,1306581,2069512,295843,676,1306208,1735625,295619,645,60,3159209,69.3,4065676,1027159,95,955310,93.9,458726,465959,30346,279,2767817,272090,1040620,3922656,78.5,3563440,71.3,1306540,1960412,295814,674,9259027,185188,211722,4065330,74,3672565,66.9,1306571,2069491,295827,676,9512162,173202,192749,1856781,50.6,1823218,54.6,1247583,66.6,731992,76.6,792605,1039053,25046,77
"63","West Virginia",3682625,41,37,2566332,19,2410013,17,1133272,13,1050463,10,1001402,19,933944,16,2082525,1442100,158000,65212,1109923,1389545,1652,413555,527783,59608,456,413096,460895,59533,420,53.4,888756,62,1133272,336516,91.7,305220,83.2,156103,139408,9518,191,842020,229426,1003410,1109738,71.2,985559,63.3,413458,512063,59589,449,2527186,162224,236393,1132867,66.7,1001168,58.9,413478,527643,59591,456,2565626,150997,216737,414791,41.4,409217,43.8,305607,54,190743,62.5,196696,213628,4404,63
"64","Wyoming",894665,4,4,707589,5,659921,3,328693,5,302858,2,286666,6,265771,3,454245,392920,47500,27932,311656,367374,627,116740,143902,25909,115,116714,123056,25888,113,46,245182,55.1,328693,90960,91.7,82093,82.8,41842,36319,3877,55,219003,220816,902071,320965,65.4,281235,57.3,116738,138475,25907,115,694454,141517,182316,328665,60.4,286662,52.7,116739,143900,25908,115,707556,130107,164512,111865,39,110471,41.6,81898,54,52802,64.3,52531,57730,1564,40
